,name,url,entry_requirements,quarantine,travel_corridor
0,Afghanistan,https://www.gov.uk/foreign-travel-advice/afghanistan,https://www.gov.uk/foreign-travel-advice/afghanistan/entry-requirements,"There are currently no compulsory quarantine requirements. However, if you have a high temperature the government will advise you to quarantine.",False
1,Albania,https://www.gov.uk/foreign-travel-advice/albania,https://www.gov.uk/foreign-travel-advice/albania/entry-requirements,,False
2,Algeria,https://www.gov.uk/foreign-travel-advice/algeria,https://www.gov.uk/foreign-travel-advice/algeria/entry-requirements,"Current quarantine requirements are a compulsory 14-day stay at a state facility, or own accommodation (if diplomatic), or company accommodation (if authorised by the Prime Minister).",False
3,Andorra,https://www.gov.uk/foreign-travel-advice/andorra,https://www.gov.uk/foreign-travel-advice/andorra/entry-requirements,,True
4,Angola,https://www.gov.uk/foreign-travel-advice/angola,https://www.gov.uk/foreign-travel-advice/angola/entry-requirements,All air passengers arriving in Angola will need to undertake 14 days of compulsory quarantine in a government facility or in a government-approved hotel (the latter at your own expense).,False
5,Anguilla,https://www.gov.uk/foreign-travel-advice/anguilla,https://www.gov.uk/foreign-travel-advice/anguilla/entry-requirements,All persons from the above three categories returning to Anguilla will have to undertake 14 days quarantine in either a government run quarantine facility or a government approved self-quarantine facility.,True
6,Antigua and Barbuda,https://www.gov.uk/foreign-travel-advice/antigua-and-barbuda,https://www.gov.uk/foreign-travel-advice/antigua-and-barbuda/entry-requirements,"The local authorities may instruct you to enter government-provided quarantine, for which a further fee of XCD 100 per night is payable, depending on the results of their screening and testing procedures. Those with pre-booked hotel accommodation will normally be permitted to travel to their accommodation after screening. Those staying with family, friends, or their own place of residence, must spend their first night in mandatory government quarantine and will be subject to an interview to determine their suitability to leave for their private accommodation arrangements. Those not deemed to have suitable private accommodation arrangements will be obliged to remain in government quarantine at their expense for between seven and 14 days.",True
7,Argentina,https://www.gov.uk/foreign-travel-advice/argentina,https://www.gov.uk/foreign-travel-advice/argentina/entry-requirements,,False
8,Armenia,https://www.gov.uk/foreign-travel-advice/armenia,https://www.gov.uk/foreign-travel-advice/armenia/entry-requirements,,False
9,Aruba,https://www.gov.uk/foreign-travel-advice/aruba,https://www.gov.uk/foreign-travel-advice/aruba/entry-requirements,Those who test positive for COVID-19 during their stay will be required to self-isolate.  Please see this website for further information.,True
10,Australia,https://www.gov.uk/foreign-travel-advice/australia,https://www.gov.uk/foreign-travel-advice/australia/entry-requirements,,True
11,Austria,https://www.gov.uk/foreign-travel-advice/austria,https://www.gov.uk/foreign-travel-advice/austria/entry-requirements,,True
12,Azerbaijan,https://www.gov.uk/foreign-travel-advice/azerbaijan,https://www.gov.uk/foreign-travel-advice/azerbaijan/entry-requirements,"Anyone who displays symptoms of COVID-19 will be directed to the medical station at the airport. From there the case will be reported to the Emergency Medical Services. If you are taken in to state quarantine facilities or hospitalised you should inform the British Embassy.  Call: +994 12 437 7878. You may hear a message stating that our offices are closed, however, we are available 24/7 – please stay on the line to select the option for ‘calling about an emergency involving a British national’ to speak to a Consular duty officer.” You can also reach us via Facebook",False
13,Bahamas,https://www.gov.uk/foreign-travel-advice/bahamas,https://www.gov.uk/foreign-travel-advice/bahamas/entry-requirements,,True
14,Bahrain,https://www.gov.uk/foreign-travel-advice/bahrain,https://www.gov.uk/foreign-travel-advice/bahrain/entry-requirements,"All arrivals into Bahrain will be subject to coronavirus testing procedures.  Those who test negative will be required to self-isolate for 10 days on arrival. Those who test positive will be subject to further quarantine measures and health treatment at hospital or quarantine centres. Those who test positive but are without symptoms may be permitted to self-isolate at home. At the end of the 10 day period, those self-isolating will be required to undergo an additional coronavirus test, which can be booked through the “BeAware” app or by calling 444.",False
15,Bangladesh,https://www.gov.uk/foreign-travel-advice/bangladesh,https://www.gov.uk/foreign-travel-advice/bangladesh/entry-requirements,"Passengers arriving from coronavirus affected countries, including the UK, are also required to self-quarantine for 14 days. Health officials at the point of entry to Bangladesh will assess whether passengers are able to self-quarantine or need to be taken to a government facility.",False
16,Barbados,https://www.gov.uk/foreign-travel-advice/barbados,https://www.gov.uk/foreign-travel-advice/barbados/entry-requirements,,True
17,Belarus,https://www.gov.uk/foreign-travel-advice/belarus,https://www.gov.uk/foreign-travel-advice/belarus/entry-requirements,"On 26 March, the Belarusian government announced that all arrivals from countries that are affected by coronavirus must self-isolate for a period of 14 days, regardless of whether they show symptoms. Those arriving from the UK with a medical certificate showing a negative coronavirus test result, issued no later than 48 hours before entry, will not need to self-isolate.",False
18,Belgium,https://www.gov.uk/foreign-travel-advice/belgium,https://www.gov.uk/foreign-travel-advice/belgium/entry-requirements,,True
19,Belize,https://www.gov.uk/foreign-travel-advice/belize,https://www.gov.uk/foreign-travel-advice/belize/entry-requirements,,False
20,Benin,https://www.gov.uk/foreign-travel-advice/benin,https://www.gov.uk/foreign-travel-advice/benin/entry-requirements,"Those who test positive for COVID-19 will be subject to government-mandated isolation measures, which may include quarantine in a government-designated hotel at passenger expense. Quarantine areas will be guarded by defence and security forces to ensure that quarantine regulations are strictly adhered to, and the Government of Benin will retain passengers’ passports until all testing and isolation requirements are met to ensure compliance.",False
21,Bermuda,https://www.gov.uk/foreign-travel-advice/bermuda,https://www.gov.uk/foreign-travel-advice/bermuda/entry-requirements,,True
22,Bhutan,https://www.gov.uk/foreign-travel-advice/bhutan,https://www.gov.uk/foreign-travel-advice/bhutan/entry-requirements,,False
23,Bolivia,https://www.gov.uk/foreign-travel-advice/bolivia,https://www.gov.uk/foreign-travel-advice/bolivia/entry-requirements,,False
24,Bonaire/St Eustatius/Saba,https://www.gov.uk/foreign-travel-advice/bonaire-st-eustatius-saba,https://www.gov.uk/foreign-travel-advice/bonaire-st-eustatius-saba/entry-requirements,,True
25,Bosnia and Herzegovina,https://www.gov.uk/foreign-travel-advice/bosnia-and-herzegovina,https://www.gov.uk/foreign-travel-advice/bosnia-and-herzegovina/entry-requirements,,False
26,Botswana,https://www.gov.uk/foreign-travel-advice/botswana,https://www.gov.uk/foreign-travel-advice/botswana/entry-requirements,"Returning residents, including from the UK, will be subject to a 14-day mandatory quarantine period in government facilities at their own expense and compulsory COVID-19 testing.",False
27,Brazil,https://www.gov.uk/foreign-travel-advice/brazil,https://www.gov.uk/foreign-travel-advice/brazil/entry-requirements,,False
28,British Antarctic Territory,https://www.gov.uk/foreign-travel-advice/british-antarctic-territory,https://www.gov.uk/foreign-travel-advice/british-antarctic-territory/entry-requirements,,True
29,British Indian Ocean Territory,https://www.gov.uk/foreign-travel-advice/british-indian-ocean-territory,https://www.gov.uk/foreign-travel-advice/british-indian-ocean-territory/entry-requirements,"All new arrivals into the British Indian Ocean Territory are required to conduct a 14-day quarantine upon arrival, except in very limited circumstances. Full details of all rules in effect in the Territory to safeguard public health will be provided to new arrivals prior to or on arrival.",False
30,British Virgin Islands,https://www.gov.uk/foreign-travel-advice/british-virgin-islands,https://www.gov.uk/foreign-travel-advice/british-virgin-islands/entry-requirements,,True
31,Brunei,https://www.gov.uk/foreign-travel-advice/brunei,https://www.gov.uk/foreign-travel-advice/brunei/entry-requirements,"If the Government of Brunei permits you entry, you will be required to go into quarantine on arrival at a government booked facility (usually a local hotel).",False
32,Bulgaria,https://www.gov.uk/foreign-travel-advice/bulgaria,https://www.gov.uk/foreign-travel-advice/bulgaria/entry-requirements,"From 16 July 2020, arrivals from the UK, regardless of nationality, are no longer required to self-isolate for 14 days from the date of arrival.",False
33,Burkina Faso,https://www.gov.uk/foreign-travel-advice/burkina-faso,https://www.gov.uk/foreign-travel-advice/burkina-faso/entry-requirements,,False
34,Burundi,https://www.gov.uk/foreign-travel-advice/burundi,https://www.gov.uk/foreign-travel-advice/burundi/entry-requirements,"If you’re eligible for entry,  quarantine requirements are subject to the following conditions:",False
35,Cambodia,https://www.gov.uk/foreign-travel-advice/cambodia,https://www.gov.uk/foreign-travel-advice/cambodia/entry-requirements,"If you test positive, you will be required to quarantine for 14 days at a facility designated by the Cambodia government. This may be at a hotel (at your own expense) or at a Government facility. The conditions at government facilities are very basic and we cannot guarantee that families will be kept together. If you test negative, you will be required to quarantine for 14 days at your own accommodation. You will be expected to comply with these requirements regardless of any existing medical needs you may have. If you are not able to submit to these requirements, you should think carefully about whether to travel to Cambodia at this time.",False
36,Cameroon,https://www.gov.uk/foreign-travel-advice/cameroon,https://www.gov.uk/foreign-travel-advice/cameroon/entry-requirements,All new arrivals in country are expected to self-isolate at one location for 14 days. Anyone that has developed symptoms of Coronavirus on their travel will quarantine at a government-monitored hotel.,False
37,Canada,https://www.gov.uk/foreign-travel-advice/canada,https://www.gov.uk/foreign-travel-advice/canada/entry-requirements,"Everyone arriving in Canada is now legally required to self-isolate for 14 days. Heavy penalties apply if you fail to comply. From 15 April, you must also produce a credible self-isolation plan. An inadequate plan would include scenarios such as planning to stay with elderly family members or failing to have a set destination. Travellers who are unable to produce a credible plan will be placed in a quarantine location, such as a hotel, for a 2-week period.",False
38,Cape Verde,https://www.gov.uk/foreign-travel-advice/cape-verde,https://www.gov.uk/foreign-travel-advice/cape-verde/entry-requirements,,False
39,Cayman Islands,https://www.gov.uk/foreign-travel-advice/cayman-islands,https://www.gov.uk/foreign-travel-advice/cayman-islands/entry-requirements,,True
40,Central African Republic,https://www.gov.uk/foreign-travel-advice/central-african-republic,https://www.gov.uk/foreign-travel-advice/central-african-republic/entry-requirements,A mandatory 21 day self-quarantine is in place for any person entering Central African Republic coming from a location with local transmission of coronavirus.,False
41,Chad,https://www.gov.uk/foreign-travel-advice/chad,https://www.gov.uk/foreign-travel-advice/chad/entry-requirements,,False
42,Chile,https://www.gov.uk/foreign-travel-advice/chile,https://www.gov.uk/foreign-travel-advice/chile/entry-requirements,,False
43,China,https://www.gov.uk/foreign-travel-advice/china,https://www.gov.uk/foreign-travel-advice/china/entry-requirements,,False
44,Colombia,https://www.gov.uk/foreign-travel-advice/colombia,https://www.gov.uk/foreign-travel-advice/colombia/entry-requirements,,False
45,Comoros,https://www.gov.uk/foreign-travel-advice/comoros,https://www.gov.uk/foreign-travel-advice/comoros/entry-requirements,,False
46,Congo,https://www.gov.uk/foreign-travel-advice/congo,https://www.gov.uk/foreign-travel-advice/congo/entry-requirements,All travellers entering the Republic of Congo will be placed into 14 day quarantine at a government run facility.,False
47,"Cook Islands, Tokelau and Niue",https://www.gov.uk/foreign-travel-advice/cook-islands-tokelau-and-niue,https://www.gov.uk/foreign-travel-advice/cook-islands-tokelau-and-niue/entry-requirements,,False
48,Costa Rica,https://www.gov.uk/foreign-travel-advice/costa-rica,https://www.gov.uk/foreign-travel-advice/costa-rica/entry-requirements,"Costa Rican Nationals and Legal Residents who enter the country will be required to self-isolate for 14-days.  Tourists entering from 1 August, under the amended restrictions stated above, will not be required to self-isolate.",False
49,Côte d'Ivoire,https://www.gov.uk/foreign-travel-advice/cote-d-ivoire,https://www.gov.uk/foreign-travel-advice/cote-d-ivoire/entry-requirements,You will be advised to self-isolate in your own accommodation for 14 days on arrival in Côte d’Ivoire.,False
50,Croatia,https://www.gov.uk/foreign-travel-advice/croatia,https://www.gov.uk/foreign-travel-advice/croatia/entry-requirements,"There is currently no requirement to self-isolate on arrival in Croatia.  Travellers are advised to check the latest situation with the Croatian authorities before starting a journey, as health requirements may change.  It is mandatory for passengers to wear masks on public transport and taxis and in shops and other commercial premises.",True
51,Cuba,https://www.gov.uk/foreign-travel-advice/cuba,https://www.gov.uk/foreign-travel-advice/cuba/entry-requirements,"Current measures require all passengers arriving at Havana airport to go into quarantine for fourteen days, in a government facility (possibly hotel or hospital).  This can be in their home Province.",False
52,Curaçao,https://www.gov.uk/foreign-travel-advice/curacao,https://www.gov.uk/foreign-travel-advice/curacao/entry-requirements,Passengers must meet the following requirements in order to not be quarantined on arrival:,True
53,Cyprus,https://www.gov.uk/foreign-travel-advice/cyprus,https://www.gov.uk/foreign-travel-advice/cyprus/entry-requirements,,True
54,Czech Republic,https://www.gov.uk/foreign-travel-advice/czech-republic,https://www.gov.uk/foreign-travel-advice/czech-republic/entry-requirements,,True
55,Democratic Republic of the Congo,https://www.gov.uk/foreign-travel-advice/democratic-republic-of-the-congo,https://www.gov.uk/foreign-travel-advice/democratic-republic-of-the-congo/entry-requirements,"Those suspected of having coronavirus will be placed into quarantine, likely in local health centres, for up to 14 days.",False
56,Denmark,https://www.gov.uk/foreign-travel-advice/denmark,https://www.gov.uk/foreign-travel-advice/denmark/entry-requirements,,True
57,Djibouti,https://www.gov.uk/foreign-travel-advice/djibouti,https://www.gov.uk/foreign-travel-advice/djibouti/entry-requirements,,False
58,Dominica,https://www.gov.uk/foreign-travel-advice/dominica,https://www.gov.uk/foreign-travel-advice/dominica/entry-requirements,,True
59,Dominican Republic,https://www.gov.uk/foreign-travel-advice/dominican-republic,https://www.gov.uk/foreign-travel-advice/dominican-republic/entry-requirements,,False
60,Ecuador,https://www.gov.uk/foreign-travel-advice/ecuador,https://www.gov.uk/foreign-travel-advice/ecuador/entry-requirements,"All passengers will be subject to mandatory self-isolation (Aislamiento Preventivo Obligatorio – APO) for 14 days. This will be at the individual’s own expense, in hotels or private accommodation. People qualified as “priority attention groups” such as people over 65 years old, children and pregnant women, will be allowed to self-isolate at their homes.",False
61,Egypt,https://www.gov.uk/foreign-travel-advice/egypt,https://www.gov.uk/foreign-travel-advice/egypt/entry-requirements,,False
62,El Salvador,https://www.gov.uk/foreign-travel-advice/el-salvador,https://www.gov.uk/foreign-travel-advice/el-salvador/entry-requirements,,False
63,Equatorial Guinea,https://www.gov.uk/foreign-travel-advice/equatorial-guinea,https://www.gov.uk/foreign-travel-advice/equatorial-guinea/entry-requirements,,False
64,Eritrea,https://www.gov.uk/foreign-travel-advice/eritrea,https://www.gov.uk/foreign-travel-advice/eritrea/entry-requirements,,False
65,Estonia,https://www.gov.uk/foreign-travel-advice/estonia,https://www.gov.uk/foreign-travel-advice/estonia/entry-requirements,"Those arriving from countries where the COVID-19 infection rate is 16 cases or fewer per 100,000 people for the previous 14 days do not need to self-quarantine on entry.",True
66,Eswatini,https://www.gov.uk/foreign-travel-advice/eswatini,https://www.gov.uk/foreign-travel-advice/eswatini/entry-requirements,Returning residents will be subjected to mandatory 14-day quarantine in government-designated locations or mandatory self-isolation.,False
67,Ethiopia,https://www.gov.uk/foreign-travel-advice/ethiopia,https://www.gov.uk/foreign-travel-advice/ethiopia/entry-requirements,All passengers arriving into the country are subject to mandatory self-isolation or quarantine.,False
68,Falkland Islands,https://www.gov.uk/foreign-travel-advice/falkland-islands,https://www.gov.uk/foreign-travel-advice/falkland-islands/entry-requirements,"Any entrants into the Falkland Islands are expected to self-isolate for a period of 14 days. If you develop symptoms after arrival which makes you a suspect case, you should call the hospital on 28000 for advice if you need medical help.",True
69,Fiji,https://www.gov.uk/foreign-travel-advice/fiji,https://www.gov.uk/foreign-travel-advice/fiji/entry-requirements,,True
70,Finland,https://www.gov.uk/foreign-travel-advice/finland,https://www.gov.uk/foreign-travel-advice/finland/entry-requirements,"Upon arrival in Finland, you must avoid unnecessary close contact with others and self-isolate for a period of 14 days. During self-isolation, you are permitted to move between your workplace and place of residence. Engaging in other essential activities is also permitted.",True
71,France,https://www.gov.uk/foreign-travel-advice/france,https://www.gov.uk/foreign-travel-advice/france/entry-requirements,"There is no quarantine requirement for arrivals from the UK, from the wider European Area (as defined above) and from Australia, Canada, Georgia, Japan, Montenegro, Morocco, New Zealand, Rwanda, Serbia, South Korea, Thailand, Tunisia and Uruguay. Arrivals from other countries will be subject to compulsory quarantine/self-isolation for 14 days on arrival in mainland France unless arriving with a negative RT-PCT test taken in the 72 hours before arrival. Exemptions to self-quarantine in France are set out in a Ministry of Interior press statement (in French) and its translation (in English).",True
72,French Guiana,https://www.gov.uk/foreign-travel-advice/french-guiana,https://www.gov.uk/foreign-travel-advice/french-guiana/entry-requirements,,False
73,French Polynesia,https://www.gov.uk/foreign-travel-advice/french-polynesia,https://www.gov.uk/foreign-travel-advice/french-polynesia/entry-requirements,,True
74,Gabon,https://www.gov.uk/foreign-travel-advice/gabon,https://www.gov.uk/foreign-travel-advice/gabon/entry-requirements,"If you do travel to Gabon, you will be required to quarantine for 15 days in a government facility.",False
75,The Gambia,https://www.gov.uk/foreign-travel-advice/the-gambia,https://www.gov.uk/foreign-travel-advice/the-gambia/entry-requirements,Anyone entering The Gambia is subject to a 14 day quarantine requirement in a designated Government facility.,False
76,Georgia,https://www.gov.uk/foreign-travel-advice/georgia,https://www.gov.uk/foreign-travel-advice/georgia/entry-requirements,,False
77,Germany,https://www.gov.uk/foreign-travel-advice/germany,https://www.gov.uk/foreign-travel-advice/germany/entry-requirements,"The German Interior Ministry has encouraged federal states to revise their quarantine regulations for arriving and returning travellers. People entering from other EU countries, the Schengen area and the UK will only have to go into quarantine if they are entering from an area where there is a high rate of infection. Travellers should consult local federal state and health authority guidance for specific arrangements (see Federal Interior Ministry FAQs",True
78,Ghana,https://www.gov.uk/foreign-travel-advice/ghana,https://www.gov.uk/foreign-travel-advice/ghana/entry-requirements,,False
79,Gibraltar,https://www.gov.uk/foreign-travel-advice/gibraltar,https://www.gov.uk/foreign-travel-advice/gibraltar/entry-requirements,,True
80,Greece,https://www.gov.uk/foreign-travel-advice/greece,https://www.gov.uk/foreign-travel-advice/greece/entry-requirements,,True
81,Grenada,https://www.gov.uk/foreign-travel-advice/grenada,https://www.gov.uk/foreign-travel-advice/grenada/entry-requirements,,True
82,Guadeloupe,https://www.gov.uk/foreign-travel-advice/guadeloupe,https://www.gov.uk/foreign-travel-advice/guadeloupe/entry-requirements,,True
83,Guatemala,https://www.gov.uk/foreign-travel-advice/guatemala,https://www.gov.uk/foreign-travel-advice/guatemala/entry-requirements,"If you are eligible for entry, you should self-isolate for 15 days after arrival.  Local authorities will provide further instructions about the place where you should complete the quarantine and any other details you should provide upon arrival.",False
84,Guinea,https://www.gov.uk/foreign-travel-advice/guinea,https://www.gov.uk/foreign-travel-advice/guinea/entry-requirements,Quarantine measures are in force for coronavirus.,False
85,Guinea-Bissau,https://www.gov.uk/foreign-travel-advice/guinea-bissau,https://www.gov.uk/foreign-travel-advice/guinea-bissau/entry-requirements,All new arrivals in country are expected to self-isolate at one location for 14 days.,False
86,Guyana,https://www.gov.uk/foreign-travel-advice/guyana,https://www.gov.uk/foreign-travel-advice/guyana/entry-requirements,,False
87,Haiti,https://www.gov.uk/foreign-travel-advice/haiti,https://www.gov.uk/foreign-travel-advice/haiti/entry-requirements,,False
88,Honduras,https://www.gov.uk/foreign-travel-advice/honduras,https://www.gov.uk/foreign-travel-advice/honduras/entry-requirements,"If you are eligible for entry, you should self-isolate for 14 days after arrival. Local authorities will provide further instructions about the place where you should complete the quarantine.",False
89,Hong Kong,https://www.gov.uk/foreign-travel-advice/hong-kong,https://www.gov.uk/foreign-travel-advice/hong-kong/entry-requirements,"Quarantine is usually spent at home or a residential address, but arrivals may be placed in a Hong Kong government quarantine centre. Family members of someone who tests positive, or those who have been in close contact, will also be required to go in to a government quarantine centre.",True
90,Hungary,https://www.gov.uk/foreign-travel-advice/hungary,https://www.gov.uk/foreign-travel-advice/hungary/entry-requirements,,True
91,Iceland,https://www.gov.uk/foreign-travel-advice/iceland,https://www.gov.uk/foreign-travel-advice/iceland/entry-requirements,,True
92,India,https://www.gov.uk/foreign-travel-advice/india,https://www.gov.uk/foreign-travel-advice/india/entry-requirements,All passengers will need to quarantine for 14 days after arrival. More information and detailed guidance is available on the website of Ministry of Health.,False
93,Indonesia,https://www.gov.uk/foreign-travel-advice/indonesia,https://www.gov.uk/foreign-travel-advice/indonesia/entry-requirements,,False
94,Iran,https://www.gov.uk/foreign-travel-advice/iran,https://www.gov.uk/foreign-travel-advice/iran/entry-requirements,"On arrival, passengers with a valid health certificate will not be required to self-isolate or quarantine. Iranian nationals without such a certificate will be directed to quarantine locations for 14 days and will incur associated medical and accommodation costs.",False
95,Iraq,https://www.gov.uk/foreign-travel-advice/iraq,https://www.gov.uk/foreign-travel-advice/iraq/entry-requirements,,False
96,Ireland,https://www.gov.uk/foreign-travel-advice/ireland,https://www.gov.uk/foreign-travel-advice/ireland/entry-requirements,,True
97,Israel,https://www.gov.uk/foreign-travel-advice/israel,https://www.gov.uk/foreign-travel-advice/israel/entry-requirements,"All international travellers must enter 14-day self-isolation. Upon arrival at an airport in Israel, international travellers must be able to prove they can enter isolation at home or another available dwelling in full compliance with the isolation guidance. If you are unable to do so, you will be sent to a state-sponsored hotel for isolation.",False
98,Italy,https://www.gov.uk/foreign-travel-advice/italy,https://www.gov.uk/foreign-travel-advice/italy/entry-requirements,,True
99,Jamaica,https://www.gov.uk/foreign-travel-advice/jamaica,https://www.gov.uk/foreign-travel-advice/jamaica/entry-requirements,All travellers arriving in Jamaica will be subject to the following quarantine requirements:,True
100,Japan,https://www.gov.uk/foreign-travel-advice/japan,https://www.gov.uk/foreign-travel-advice/japan/entry-requirements,All passengers arriving in Japan are required to self-isolate for 14 days on arrival at a designated location (such as a hotel or your own home) and to avoid using public transport. These measures will remain in place until at least the end of August 2020.,True
101,Jordan,https://www.gov.uk/foreign-travel-advice/jordan,https://www.gov.uk/foreign-travel-advice/jordan/entry-requirements,,False
102,Kazakhstan,https://www.gov.uk/foreign-travel-advice/kazakhstan,https://www.gov.uk/foreign-travel-advice/kazakhstan/entry-requirements,Travellers entering Kazakhstan who test positive for coronavirus are currently being confined in state facilities for 14 days upon arrival; this may be subject to change.,False
103,Kenya,https://www.gov.uk/foreign-travel-advice/kenya,https://www.gov.uk/foreign-travel-advice/kenya/entry-requirements,,False
104,Kiribati,https://www.gov.uk/foreign-travel-advice/kiribati,https://www.gov.uk/foreign-travel-advice/kiribati/entry-requirements,,False
105,Kosovo,https://www.gov.uk/foreign-travel-advice/kosovo,https://www.gov.uk/foreign-travel-advice/kosovo/entry-requirements,,False
106,Kuwait,https://www.gov.uk/foreign-travel-advice/kuwait,https://www.gov.uk/foreign-travel-advice/kuwait/entry-requirements,,False
107,Kyrgyzstan,https://www.gov.uk/foreign-travel-advice/kyrgyzstan,https://www.gov.uk/foreign-travel-advice/kyrgyzstan/entry-requirements,,False
108,Laos,https://www.gov.uk/foreign-travel-advice/laos,https://www.gov.uk/foreign-travel-advice/laos/entry-requirements,All arrivals testing negative for COVID-19 will have to undergo 14 days quarantine at designated locations (with all expenses covered by individuals or their organisations/companies).,False
109,Latvia,https://www.gov.uk/foreign-travel-advice/latvia,https://www.gov.uk/foreign-travel-advice/latvia/entry-requirements,"Travellers arriving from a country (or who have been in a country in the previous 14 days) where the cumulative incidence of COVID-19 cases in 100,000 of population over the previous 14 days is 16 or above are required to self-isolate for 14 days since leaving that country. These countries are marked in red and yellow in the table of comparative epidemiological data published every Friday on the Latvian Centre for Disease Prevention and Control website.",True
110,Lebanon,https://www.gov.uk/foreign-travel-advice/lebanon,https://www.gov.uk/foreign-travel-advice/lebanon/entry-requirements,"If you test positive for COVID-19 after entering Lebanon, you will have to follow Ministry of Health directives until you recover.",False
111,Lesotho,https://www.gov.uk/foreign-travel-advice/lesotho,https://www.gov.uk/foreign-travel-advice/lesotho/entry-requirements,"All individuals who have been in coronavirus-affected areas within the past 14 days, including the UK, are required to self-quarantine at their permanent or temporary place of residence for 14 days.  This may be monitored by health officials. This self-isolation period may be required to take place in a government-nominated hotel at the visitor’s expense.",False
112,Liberia,https://www.gov.uk/foreign-travel-advice/liberia,https://www.gov.uk/foreign-travel-advice/liberia/entry-requirements,,False
113,Libya,https://www.gov.uk/foreign-travel-advice/libya,https://www.gov.uk/foreign-travel-advice/libya/entry-requirements,,False
114,Liechtenstein,https://www.gov.uk/foreign-travel-advice/liechtenstein,https://www.gov.uk/foreign-travel-advice/liechtenstein/entry-requirements,,True
115,Lithuania,https://www.gov.uk/foreign-travel-advice/lithuania,https://www.gov.uk/foreign-travel-advice/lithuania/entry-requirements,British nationals resident in the UK may travel to Lithuania without needing to quarantine on arrival.,True
116,Luxembourg,https://www.gov.uk/foreign-travel-advice/luxembourg,https://www.gov.uk/foreign-travel-advice/luxembourg/entry-requirements,,False
117,Macao,https://www.gov.uk/foreign-travel-advice/macao,https://www.gov.uk/foreign-travel-advice/macao/entry-requirements,"Residents of Hong Kong, Taiwan or mainland China who have visited Hong Kong or Taiwan in the 14 days prior to entry will be subject to 14 days of medical surveillance in a designated centre.",True
118,Madagascar,https://www.gov.uk/foreign-travel-advice/madagascar,https://www.gov.uk/foreign-travel-advice/madagascar/entry-requirements,,False
119,Malawi,https://www.gov.uk/foreign-travel-advice/malawi,https://www.gov.uk/foreign-travel-advice/malawi/entry-requirements,Individuals testing positive for coronavirus on arrival may be taken for treatment at a government facility.,False
120,Malaysia,https://www.gov.uk/foreign-travel-advice/malaysia,https://www.gov.uk/foreign-travel-advice/malaysia/entry-requirements,Anyone (including British nationals) who gets permission to enter the country under the immigration rules mentioned above will be obliged to enter quarantine for 14 days at a designated Government facility.  You will be required to download the MySejahtera app.,False
121,Maldives,https://www.gov.uk/foreign-travel-advice/maldives,https://www.gov.uk/foreign-travel-advice/maldives/entry-requirements,All non-tourist passengers travelling to Maldives by air (such as residents and returning students) are required to self-isolate for 14 days and register on the Haalubelun portal.,False
122,Mali,https://www.gov.uk/foreign-travel-advice/mali,https://www.gov.uk/foreign-travel-advice/mali/entry-requirements,"If you do not present a negative test that is less than 72 hours old on arrival, you will be tested and will be made to isolate at home or in a hotel while waiting for the test results. If you are showing symptoms, or testing positive on arrival, you will be made to go to government designated facilities, until a negative test is obtained.",False
123,Malta,https://www.gov.uk/foreign-travel-advice/malta,https://www.gov.uk/foreign-travel-advice/malta/entry-requirements,,True
124,Marshall Islands,https://www.gov.uk/foreign-travel-advice/marshall-islands,https://www.gov.uk/foreign-travel-advice/marshall-islands/entry-requirements,,False
125,Martinique,https://www.gov.uk/foreign-travel-advice/martinique,https://www.gov.uk/foreign-travel-advice/martinique/entry-requirements,,False
126,Mauritania,https://www.gov.uk/foreign-travel-advice/mauritania,https://www.gov.uk/foreign-travel-advice/mauritania/entry-requirements,,False
127,Mauritius,https://www.gov.uk/foreign-travel-advice/mauritius,https://www.gov.uk/foreign-travel-advice/mauritius/entry-requirements,Anyone entering Mauritius will be place in a government-run quarantine centre for a minimum of 14 days. This is a mandatory requirements and there are no exceptions.,True
128,Mayotte,https://www.gov.uk/foreign-travel-advice/mayotte,https://www.gov.uk/foreign-travel-advice/mayotte/entry-requirements,,False
129,Mexico,https://www.gov.uk/foreign-travel-advice/mexico,https://www.gov.uk/foreign-travel-advice/mexico/entry-requirements,,False
130,Micronesia,https://www.gov.uk/foreign-travel-advice/micronesia,https://www.gov.uk/foreign-travel-advice/micronesia/entry-requirements,,False
131,Moldova,https://www.gov.uk/foreign-travel-advice/moldova,https://www.gov.uk/foreign-travel-advice/moldova/entry-requirements,Those permitted to enter Moldova are required to self-isolate for 14 days.,False
132,Monaco,https://www.gov.uk/foreign-travel-advice/monaco,https://www.gov.uk/foreign-travel-advice/monaco/entry-requirements,,True
133,Mongolia,https://www.gov.uk/foreign-travel-advice/mongolia,https://www.gov.uk/foreign-travel-advice/mongolia/entry-requirements,,False
134,Montenegro,https://www.gov.uk/foreign-travel-advice/montenegro,https://www.gov.uk/foreign-travel-advice/montenegro/entry-requirements,"Additional measures may be imposed. Individuals who have had contact with someone diagnosed with coronavirus, or suspected to be infected with coronavirus will be subject to quarantine.",False
135,Montserrat,https://www.gov.uk/foreign-travel-advice/montserrat,https://www.gov.uk/foreign-travel-advice/montserrat/entry-requirements,,True
136,Morocco,https://www.gov.uk/foreign-travel-advice/morocco,https://www.gov.uk/foreign-travel-advice/morocco/entry-requirements,,False
137,Mozambique,https://www.gov.uk/foreign-travel-advice/mozambique,https://www.gov.uk/foreign-travel-advice/mozambique/entry-requirements,All individuals arriving in Mozambique will be required to quarantine in their own accommodation for 14 days after arrival.,False
138,Myanmar (Burma),https://www.gov.uk/foreign-travel-advice/myanmar,https://www.gov.uk/foreign-travel-advice/myanmar/entry-requirements,"Arrivals in Myanmar must enter government-arranged quarantine. You will be allotted your quarantine facility on arrival. You may have no choice but will be placed in the same government quarantine facility or hotel as all the other people on your flight. You will be provided with food, for which you will be charged.",False
139,Namibia,https://www.gov.uk/foreign-travel-advice/namibia,https://www.gov.uk/foreign-travel-advice/namibia/entry-requirements,"With effect from 30 June, all individuals entering Namibia must enter mandatory government-supervised quarantine at their own cost for a period of 14 days.",False
140,Nauru,https://www.gov.uk/foreign-travel-advice/nauru,https://www.gov.uk/foreign-travel-advice/nauru/entry-requirements,"Effective 16 March 2020, all persons arriving in Nauru will be required to spend up to 14 days in “Government  Transition Accommodation”  in Nauru.",False
141,Nepal,https://www.gov.uk/foreign-travel-advice/nepal,https://www.gov.uk/foreign-travel-advice/nepal/entry-requirements,,False
142,Netherlands,https://www.gov.uk/foreign-travel-advice/netherlands,https://www.gov.uk/foreign-travel-advice/netherlands/entry-requirements,"From 10 July, passengers travelling to the Netherlands from the UK are no longer advised by the Dutch government to self-isolate for 14 days upon arrival. The exception is travellers from Leicester, who are strongly advised to self-quarantine for 14 days on arrival in the Netherlands. Check the Dutch Government website.",True
143,New Caledonia,https://www.gov.uk/foreign-travel-advice/new-caledonia,https://www.gov.uk/foreign-travel-advice/new-caledonia/entry-requirements,,True
144,New Zealand,https://www.gov.uk/foreign-travel-advice/new-zealand,https://www.gov.uk/foreign-travel-advice/new-zealand/entry-requirements,Anyone entering New Zealand is required to undergo quarantine or managed isolation in an approved facility for a minimum of 14 days. Arrivals must then test negative for COVID-19 before entering the community.,True
145,Nicaragua,https://www.gov.uk/foreign-travel-advice/nicaragua,https://www.gov.uk/foreign-travel-advice/nicaragua/entry-requirements,,False
146,Niger,https://www.gov.uk/foreign-travel-advice/niger,https://www.gov.uk/foreign-travel-advice/niger/entry-requirements,Anyone arriving in Niger is taken immediately to government approved hotels for quarantine for 14 days. All those quarantined are tested for a second time on the 13th day of quarantine.,False
147,Nigeria,https://www.gov.uk/foreign-travel-advice/nigeria,https://www.gov.uk/foreign-travel-advice/nigeria/entry-requirements,All new arrivals are expected to self-isolate at one location in the city of their arrival for 14 days where they will be remotely monitored by the Nigerian authorities. At the end of the 14-day period of self-isolation an exit interview will be conducted by Nigerian authorities. If the authorities are satisfied that there are no indications of COVD-19 they will authorise the release of the retained passport.,False
148,North Korea,https://www.gov.uk/foreign-travel-advice/north-korea,https://www.gov.uk/foreign-travel-advice/north-korea/entry-requirements,Foreigners who have travelled into North Korea from virus-affected countries are subject to a 30 day period of quarantine and medical supervision.,False
149,North Macedonia,https://www.gov.uk/foreign-travel-advice/north-macedonia,https://www.gov.uk/foreign-travel-advice/north-macedonia/entry-requirements,,False
150,Norway,https://www.gov.uk/foreign-travel-advice/norway,https://www.gov.uk/foreign-travel-advice/norway/entry-requirements,,True
151,Oman,https://www.gov.uk/foreign-travel-advice/oman,https://www.gov.uk/foreign-travel-advice/oman/entry-requirements,Anyone entering Oman must quarantine for 14 days. Foreign nationals with resident status can do so either at their home in Oman or other in other accommodation (eg hotels) with proof of their ability to cover living costs during that period.,False
152,Pakistan,https://www.gov.uk/foreign-travel-advice/pakistan,https://www.gov.uk/foreign-travel-advice/pakistan/entry-requirements,,False
153,Palau,https://www.gov.uk/foreign-travel-advice/palau,https://www.gov.uk/foreign-travel-advice/palau/entry-requirements,,False
154,The Occupied Palestinian Territories,https://www.gov.uk/foreign-travel-advice/the-occupied-palestinian-territories,https://www.gov.uk/foreign-travel-advice/the-occupied-palestinian-territories/entry-requirements,"All international travellers must enter 14-day self-isolation. Upon arrival at an airport in Israel, international travellers must be able to prove they can enter isolation at home or another available dwelling in full compliance with the isolation guidance. If you are unable to do so, you will be sent to a state-sponsored hotel for isolation.",False
155,Panama,https://www.gov.uk/foreign-travel-advice/panama,https://www.gov.uk/foreign-travel-advice/panama/entry-requirements,All arrivals are required to quarantine for 14 days which can be completed in your accommodation.,False
156,Papua New Guinea,https://www.gov.uk/foreign-travel-advice/papua-new-guinea,https://www.gov.uk/foreign-travel-advice/papua-new-guinea/entry-requirements,,False
157,Paraguay,https://www.gov.uk/foreign-travel-advice/paraguay,https://www.gov.uk/foreign-travel-advice/paraguay/entry-requirements,,False
158,Peru,https://www.gov.uk/foreign-travel-advice/peru,https://www.gov.uk/foreign-travel-advice/peru/entry-requirements,,False
159,Philippines,https://www.gov.uk/foreign-travel-advice/philippines,https://www.gov.uk/foreign-travel-advice/philippines/entry-requirements,Passengers arriving at any international port of entry may be subjected to mandatory quarantine (for a maximum of 14 days) and/or be required to undergo Covid-19 testing on arrival. Foreign nationals are expected to defray the costs of their quarantine and/or Covid-19 testing.,False
160,Pitcairn Island,https://www.gov.uk/foreign-travel-advice/pitcairn-island,https://www.gov.uk/foreign-travel-advice/pitcairn-island/entry-requirements,,True
161,Poland,https://www.gov.uk/foreign-travel-advice/poland,https://www.gov.uk/foreign-travel-advice/poland/entry-requirements,"You are not required to self-isolate on arrival in Poland, if you arrive in Poland from the UK or a European Union/EFTA country (by air, sea or land).",True
162,Portugal,https://www.gov.uk/foreign-travel-advice/portugal,https://www.gov.uk/foreign-travel-advice/portugal/entry-requirements,,False
163,Qatar,https://www.gov.uk/foreign-travel-advice/qatar,https://www.gov.uk/foreign-travel-advice/qatar/entry-requirements,"Upon entry to Qatar, you will need to self-isolate for 7 days at your home.",False
164,Réunion,https://www.gov.uk/foreign-travel-advice/reunion,https://www.gov.uk/foreign-travel-advice/reunion/entry-requirements,,True
165,Romania,https://www.gov.uk/foreign-travel-advice/romania,https://www.gov.uk/foreign-travel-advice/romania/entry-requirements,,False
166,Russia,https://www.gov.uk/foreign-travel-advice/russia,https://www.gov.uk/foreign-travel-advice/russia/entry-requirements,"From 15 July, the Russian government no longer requires all arrivals to the country to remain in quarantine for a period of 14 days if arriving on a regularly scheduled flight. Instead, you will be required to self-isolate if you develop any symptoms of COVID-19 and/or if you test positive for COVID-19. You will be required to self-isolate until you have recovered and tested negative for COVID-19 on a PCR test. You should comply with any additional screening measures put in place by the authorities.",False
167,Rwanda,https://www.gov.uk/foreign-travel-advice/rwanda,https://www.gov.uk/foreign-travel-advice/rwanda/entry-requirements,"As of 01 August, following a negative COVID-19 test (as outlined above), all arriving passengers must then enter quarantine at a designated hotel for a minimum of 24 hours whilst completing a second COVID-19 test . Designated hotels can be found in the Government of Rwanda guidance. The test will cost $50USD. If the results are negative you are free to leave quarantine. If the results are positive, you will be required to enter a government treatment facility.",False
168,Samoa,https://www.gov.uk/foreign-travel-advice/samoa,https://www.gov.uk/foreign-travel-advice/samoa/entry-requirements,"You will be quarantined for 14 days upon arrival into Samoa at a designated location.  You must bring your own personal necessities, e.g. soap, tooth brush, toothpaste, to last for the 14 days of quarantine.",False
169,San Marino,https://www.gov.uk/foreign-travel-advice/san-marino,https://www.gov.uk/foreign-travel-advice/san-marino/entry-requirements,,True
170,São Tomé and Principe,https://www.gov.uk/foreign-travel-advice/sao-tome-and-principe,https://www.gov.uk/foreign-travel-advice/sao-tome-and-principe/entry-requirements,,False
171,Saudi Arabia,https://www.gov.uk/foreign-travel-advice/saudi-arabia,https://www.gov.uk/foreign-travel-advice/saudi-arabia/entry-requirements,On arrival in Saudi Arabia all travellers are required to enter Ministry of Health quarantine facilities for 14 days.,False
172,Senegal,https://www.gov.uk/foreign-travel-advice/senegal,https://www.gov.uk/foreign-travel-advice/senegal/entry-requirements,,False
173,Serbia,https://www.gov.uk/foreign-travel-advice/serbia,https://www.gov.uk/foreign-travel-advice/serbia/entry-requirements,,False
174,Seychelles,https://www.gov.uk/foreign-travel-advice/seychelles,https://www.gov.uk/foreign-travel-advice/seychelles/entry-requirements,Any passengers arriving in Seychelles will be subject to a 14 day mandatory isolation or quarantine. All entry to the country must be approved by the Public Health Commissioner.,True
175,Sierra Leone,https://www.gov.uk/foreign-travel-advice/sierra-leone,https://www.gov.uk/foreign-travel-advice/sierra-leone/entry-requirements,"If you test positive for the RDT test, you’ll be required to isolate at a hotel in Lungi at your own expense while you wait for the result of your PCR test. The PCR result supersedes the RDT result. If you test positive for the PCR test result, you’ll be contacted by Sierra Leonean health authorities and taken to a state treatment centre. Passengers sitting in close proximity to a positive case on the flight will be treated as a primary contact and be required to self-isolate until you return a negative PCR COVID-19 test. Social distancing and the use of facemasks is mandatory at Freetown Lungi International airport.",False
176,Singapore,https://www.gov.uk/foreign-travel-advice/singapore,https://www.gov.uk/foreign-travel-advice/singapore/entry-requirements,"Everyone granted permission to enter Singapore will be issued with a 14-day Stay at Home Notice (SHN) which must be served at a government designated hotel and costs $2,000 (unless you have spent 14 days or more before arrival in Australia (excluding Victoria), Brunei, Mainland China, Germany, Macau, New Zealand, South Korea, Taiwan or Vietnam - if you meet this criteria, you will be permitted to carry out 14 days quarantine at your place of residence in Singapore (if you have one)).",False
177,Slovakia,https://www.gov.uk/foreign-travel-advice/slovakia,https://www.gov.uk/foreign-travel-advice/slovakia/entry-requirements,,True
178,Slovenia,https://www.gov.uk/foreign-travel-advice/slovenia,https://www.gov.uk/foreign-travel-advice/slovenia/entry-requirements,"The Slovenian authorities have implemented a Red, Amber, Green list to determine the requirements for people arriving into Slovenia. The UK is currently on the Green List.",True
179,Solomon Islands,https://www.gov.uk/foreign-travel-advice/solomon-islands,https://www.gov.uk/foreign-travel-advice/solomon-islands/entry-requirements,"Entering the country illegally/not observing the mandatory 14 day quarantine period could result in a fine of up to SBD 1 million (approx. £100,000) and/or 20 years imprisonment.",False
180,Somalia,https://www.gov.uk/foreign-travel-advice/somalia,https://www.gov.uk/foreign-travel-advice/somalia/entry-requirements,,False
181,South Africa,https://www.gov.uk/foreign-travel-advice/south-africa,https://www.gov.uk/foreign-travel-advice/south-africa/entry-requirements,"Upon entering in South Africa you will be quarantined for 14 days in a state appointed facility. These are normally hotels, but may sometimes be state facilities.",False
182,South Georgia and the South Sandwich Islands,https://www.gov.uk/foreign-travel-advice/south-georgia-and-south-sandwich-islands,https://www.gov.uk/foreign-travel-advice/south-georgia-and-south-sandwich-islands/entry-requirements,,True
183,South Korea,https://www.gov.uk/foreign-travel-advice/south-korea,https://www.gov.uk/foreign-travel-advice/south-korea/entry-requirements,,True
184,South Sudan,https://www.gov.uk/foreign-travel-advice/south-sudan,https://www.gov.uk/foreign-travel-advice/south-sudan/entry-requirements,,False
185,Spain,https://www.gov.uk/foreign-travel-advice/spain,https://www.gov.uk/foreign-travel-advice/spain/entry-requirements,,False
186,Sri Lanka,https://www.gov.uk/foreign-travel-advice/sri-lanka,https://www.gov.uk/foreign-travel-advice/sri-lanka/entry-requirements,"14 day quarantine is mandatory for all those travelling into Sri Lanka, usually followed by 14 days self-isolation at home. All arriving passengers must now take a PCR test.",False
187,"St Helena, Ascension and Tristan da Cunha",https://www.gov.uk/foreign-travel-advice/st-helena-ascension-and-tristan-da-cunha,https://www.gov.uk/foreign-travel-advice/st-helena-ascension-and-tristan-da-cunha/entry-requirements,,True
188,St Kitts and Nevis,https://www.gov.uk/foreign-travel-advice/st-kitts-and-nevis,https://www.gov.uk/foreign-travel-advice/st-kitts-and-nevis/entry-requirements,Arriving citizens will be obliged to observe a minimum of 14 days mandatory quarantine.,True
189,St Lucia,https://www.gov.uk/foreign-travel-advice/st-lucia,https://www.gov.uk/foreign-travel-advice/st-lucia/entry-requirements,,True
190,St Maarten,https://www.gov.uk/foreign-travel-advice/st-maarten,https://www.gov.uk/foreign-travel-advice/st-maarten/entry-requirements,,False
191,St Martin and St Barthélemy,https://www.gov.uk/foreign-travel-advice/st-martin-and-st-barthelemy,https://www.gov.uk/foreign-travel-advice/st-martin-and-st-barthelemy/entry-requirements,,True
192,St Pierre & Miquelon,https://www.gov.uk/foreign-travel-advice/st-pierre-and-miquelon,https://www.gov.uk/foreign-travel-advice/st-pierre-and-miquelon/entry-requirements,,True
193,St Vincent and the Grenadines,https://www.gov.uk/foreign-travel-advice/st-vincent-and-the-grenadines,https://www.gov.uk/foreign-travel-advice/st-vincent-and-the-grenadines/entry-requirements,,True
194,Sudan,https://www.gov.uk/foreign-travel-advice/sudan,https://www.gov.uk/foreign-travel-advice/sudan/entry-requirements,,False
195,Suriname,https://www.gov.uk/foreign-travel-advice/suriname,https://www.gov.uk/foreign-travel-advice/suriname/entry-requirements,,False
196,Sweden,https://www.gov.uk/foreign-travel-advice/sweden,https://www.gov.uk/foreign-travel-advice/sweden/entry-requirements,,False
197,Switzerland,https://www.gov.uk/foreign-travel-advice/switzerland,https://www.gov.uk/foreign-travel-advice/switzerland/entry-requirements,,True
198,Syria,https://www.gov.uk/foreign-travel-advice/syria,https://www.gov.uk/foreign-travel-advice/syria/entry-requirements,,False
199,Taiwan,https://www.gov.uk/foreign-travel-advice/taiwan,https://www.gov.uk/foreign-travel-advice/taiwan/entry-requirements,All airline passengers entering Taiwan are required to fill in a health declaration which includes travel history for the preceding 14 days.,True
200,Tajikistan,https://www.gov.uk/foreign-travel-advice/tajikistan,https://www.gov.uk/foreign-travel-advice/tajikistan/entry-requirements,Travellers entering Tajikistan are currently being confined in state facilities for 14 days upon arrival; this may be subject to change.,False
201,Tanzania,https://www.gov.uk/foreign-travel-advice/tanzania,https://www.gov.uk/foreign-travel-advice/tanzania/entry-requirements,"If you show symptoms of COVID-19 on arrival, you may be required to quarantine at a government-designated facility at your own expense.",False
202,Thailand,https://www.gov.uk/foreign-travel-advice/thailand,https://www.gov.uk/foreign-travel-advice/thailand/entry-requirements,"All travellers to Thailand, including all British nationals, are required to complete 14 days quarantine at a State Quarantine or Alternative State Quarantine (ASQ) facility.",False
203,Timor-Leste,https://www.gov.uk/foreign-travel-advice/timor-leste,https://www.gov.uk/foreign-travel-advice/timor-leste/entry-requirements,,False
204,Togo,https://www.gov.uk/foreign-travel-advice/togo,https://www.gov.uk/foreign-travel-advice/togo/entry-requirements,"All passengers arriving in Togo must complete an online immigration and health form and pay for a COVID-19 test (on the same website) before travel.  The cost of the test is CFA 40,000 (approximately £55).  You will need a print-out of the electronic receipt to be allowed to board the aircraft.",False
205,Tonga,https://www.gov.uk/foreign-travel-advice/tonga,https://www.gov.uk/foreign-travel-advice/tonga/entry-requirements,,False
206,Trinidad and Tobago,https://www.gov.uk/foreign-travel-advice/trinidad-and-tobago,https://www.gov.uk/foreign-travel-advice/trinidad-and-tobago/entry-requirements,All international arrivals into Trinidad and Tobago are required to enter into quarantine for a period of 14 days.  Further information and guidance is available at www.health.gov.tt.,True
207,Tunisia,https://www.gov.uk/foreign-travel-advice/tunisia,https://www.gov.uk/foreign-travel-advice/tunisia/entry-requirements,Quarantine requirements vary depending on the prevalence of the epidemic in travellers’ country of residence. See Entry to Tunisia,False
208,Turkey,https://www.gov.uk/foreign-travel-advice/turkey,https://www.gov.uk/foreign-travel-advice/turkey/entry-requirements,,True
209,Turkmenistan,https://www.gov.uk/foreign-travel-advice/turkmenistan,https://www.gov.uk/foreign-travel-advice/turkmenistan/entry-requirements,Mandatory quarantine is in place for all arrivals from abroad for up to 14 days. You will need to complete quarantine in a state-run facility.,False
210,Turks and Caicos Islands,https://www.gov.uk/foreign-travel-advice/turks-and-caicos-islands,https://www.gov.uk/foreign-travel-advice/turks-and-caicos-islands/entry-requirements,,True
211,Tuvalu,https://www.gov.uk/foreign-travel-advice/tuvalu,https://www.gov.uk/foreign-travel-advice/tuvalu/entry-requirements,,False
212,USA,https://www.gov.uk/foreign-travel-advice/usa,https://www.gov.uk/foreign-travel-advice/usa/entry-requirements,Those allowed entry to the USA must be prepared to self-isolate for up to 14 days after arrival.,False
213,Uganda,https://www.gov.uk/foreign-travel-advice/uganda,https://www.gov.uk/foreign-travel-advice/uganda/entry-requirements,,False
214,Ukraine,https://www.gov.uk/foreign-travel-advice/ukraine,https://www.gov.uk/foreign-travel-advice/ukraine/entry-requirements,The country from which you are travelling will dictate whether or not you are required to self-isolate for 14 days upon arrival in Ukraine.,False
215,United Arab Emirates,https://www.gov.uk/foreign-travel-advice/united-arab-emirates,https://www.gov.uk/foreign-travel-advice/united-arab-emirates/entry-requirements,"Stringent entry restrictions remain in place upon arrival at all airports in the UAE which may include, but are not limited to, a Health Authority COVID-19 test on arrival, mandatory quarantine period, usually via self-isolation at a private address if suitable or a hotel, for at least 14 days, and follow up testing before you are able to complete quarantine. Once any quarantine period is complete you must continue to comply with all measures put in place by the UAE authorities to prevent the spread of coronavirus.",False
216,Uruguay,https://www.gov.uk/foreign-travel-advice/uruguay,https://www.gov.uk/foreign-travel-advice/uruguay/entry-requirements,,False
217,Uzbekistan,https://www.gov.uk/foreign-travel-advice/uzbekistan,https://www.gov.uk/foreign-travel-advice/uzbekistan/entry-requirements,"Eligible visitors arriving in Uzbekistan from a country categorised as Green (Japan, South Korea, China and Israel) or who have been in one of these countries 14 days prior to arrival will not be subject to any mandatory quarantine or self-isolation period unless they display symptoms on arrival.",False
218,Vanuatu,https://www.gov.uk/foreign-travel-advice/vanuatu,https://www.gov.uk/foreign-travel-advice/vanuatu/entry-requirements,,False
219,Venezuela,https://www.gov.uk/foreign-travel-advice/venezuela,https://www.gov.uk/foreign-travel-advice/venezuela/entry-requirements,COVID-19 testing and quarantine on designated state-run health facilities is compulsory for travellers entering Venezuela.,False
220,Vietnam,https://www.gov.uk/foreign-travel-advice/vietnam,https://www.gov.uk/foreign-travel-advice/vietnam/entry-requirements,"Quarantine is mandatory for anyone allowed to enter Vietnam or anyone who may have come in to contact with coronavirus inside Vietnam. Vietnamese government quarantine centres are basic. Most do not meet Public Health England standards.In principle there are provisions for people who are exceptionally allowed to enter the country for work to be allowed to undertake quarantine in a hotel approved by the Ministry of Health. However, this is not guaranteed, is time consuming and must be arranged by your employer in Vietnam before you enter Vietnam.",True
221,Wallis and Futuna,https://www.gov.uk/foreign-travel-advice/wallis-and-futuna,https://www.gov.uk/foreign-travel-advice/wallis-and-futuna/entry-requirements,,False
222,Western Sahara,https://www.gov.uk/foreign-travel-advice/western-sahara,https://www.gov.uk/foreign-travel-advice/western-sahara/entry-requirements,,False
223,Yemen,https://www.gov.uk/foreign-travel-advice/yemen,https://www.gov.uk/foreign-travel-advice/yemen/entry-requirements,All travellers arriving into Yemen are required to enter quarantine facilities for 14 days.,False
224,Zambia,https://www.gov.uk/foreign-travel-advice/zambia,https://www.gov.uk/foreign-travel-advice/zambia/entry-requirements,"If you show symptoms of COVID-19, you will be taken to a government facility for treatment and quarantine.",False
225,Zimbabwe,https://www.gov.uk/foreign-travel-advice/zimbabwe,https://www.gov.uk/foreign-travel-advice/zimbabwe/entry-requirements,"People returning to Zimbabwe are subject to a 21-day quarantine period at a government facility. Several private facilities have been approved by the Zimbabwe Ministry of Health for people seeking an alternative to the government facilities. The Ministry of Health have not released a list of approved private facilities. However, it is possible to make bookings online through the ZINCAT website. Individuals will be responsible for meeting costs associated with private facilities. Your travel document or identity document may be retained by the authorities for the duration of the quarantine period.",False
226,Akrotiri and Dhekelia,,,,True
227,British Indian Ocean Territory,,,,True
228,the Channel Islands,,,,True
229,the Isle of Man,,,,True
